#,english,desc_english,japanese,desc_japanese
1,Stench,"By releasing stench when attacking, this Pokémon may cause the target to flinch.",あくしゅう,相手に技のダメージを与えると、10%の確率でひるませる。／野生のポケモンと出会いにくくなる。
2,Drizzle,The Pokémon makes it rain when it enters a battle.,あめふらし,戦闘に出ると5ターンの間、天気が『あめ』になる。
3,Speed Boost,Its Speed stat is boosted every turn.,かそく,毎ターン、『すばやさ』ランクが1段階ずつ上がる。
4,Battle Armor,Hard armor protects the Pokémon from critical hits.,カブトアーマー,自分への攻撃は急所に当たらない。
5,Sturdy,"It cannot be knocked out with one hit. One-hit KO moves cannot knock it out, either.",がんじょう,HPが最大の時、『ひんし』状態になるダメージを受けても必ず1残る。また、一撃で『ひんし』になる技『じわれ』『ぜったいれいど』『つのドリル』『ハサミギロチン』を受けない。
6,Damp,"Prevents the use of explosive moves, such as Self-Destruct, by dampening its surroundings.",しめりけ,全てのポケモンは技『じばく』『だいばくはつ』『ビックリヘッド』『ミストバースト』が失敗し、また特性『ゆうばく』が無効になる。
7,Limber,Its limber body protects the Pokémon from paralysis.,じゅうなん,『まひ』状態にならない。
8,Sand Veil,Boosts the Pokémon's evasiveness in a sandstorm.,すながくれ,天気が『すなあらし』の時、回避率が上がる。また、『すなあらし』によるダメージを受けない。／フィールドの天気が『すなあらし』の時、野生のポケモンと出会いにくくなる(第7世代まで※未検証)。
9,Static,"The Pokémon is charged with static electricity, so contact with it may cause paralysis.",せいでんき,直接攻撃を受けると、30%の確率で相手を『まひ』状態にする。／『でんき』タイプの野生のポケモンと出会いやすくなる。
10,Volt Absorb,Restores HP if hit by an Electric-type move instead of taking damage.,ちくでん,『でんき』タイプの技を受けるとダメージや効果はなくなり、最大HPの1/4回復する。
11,Water Absorb,Restores HP if hit by a Water-type move instead of taking damage.,ちょすい,『みず』タイプの技を受けるとダメージや効果はなくなり、最大HPの1/4回復する。
12,Oblivious,"The Pokémon is oblivious, and that keeps it from being infatuated or falling for taunts.",どんかん,『メロメロ』『ちょうはつ』『ゆうわく』状態にならない。第8世代からは、相手の特性『いかく』の効果も受けない。
13,Cloud Nine,Eliminates the effects of weather.,ノーてんき,全てのポケモンに対しての天気の影響がなくなる。
14,Compound Eyes,The Pokémon's compound eyes boost its accuracy.,ふくがん,命中率が1.3倍になる。／野生のポケモンが道具を持っている確率が上がる(5%のものが20%になる)
15,Insomnia,The Pokémon is suffering from insomnia and cannot fall asleep.,ふみん,『ねむり』状態にならない。技『ねむる』を使えない。この特性を獲得する前に『ねむり』状態になっていた場合は、『ねむり』状態を回復する。
16,Color Change,The Pokémon's type becomes the type of the move used on it.,へんしょく,技を受けると、その技のタイプになる。
17,Immunity,The immune system of the Pokémon prevents it from getting poisoned.,めんえき,『どく』状態にならない。
18,Flash Fire,Powers up the Pokémon's Fire-type moves if it's hit by one.,もらいび,『ほのお』タイプの技のダメージや効果を受けず、以後自分の『ほのお』タイプの技の威力が1.5倍になる。／『ほのお』タイプの野生のポケモンと出会いやすくなる(第8世代から)。
19,Shield Dust,This Pokémon's dust blocks the additional effects of attacks taken.,りんぷん,技の追加効果を受けない。
20,Own Tempo,"This Pokémon has its own tempo, and that prevents it from becoming confused.",マイペース,『こんらん』状態にならない。第8世代からは、相手の特性『いかく』の効果も受けない。
21,Suction Cups,This Pokémon uses suction cups to stay in one spot to negate all moves and items that force switching out.,きゅうばん,相手を交代させる技『ふきとばし』『ほえる』『ドラゴンテール』『ともえなげ』の効果を受けない。／『てもち』の先頭にいると釣りが成功しやすくなる(第7世代まで※未検証)。
22,Intimidate,"The Pokémon intimidates opposing Pokémon upon entering battle, lowering their Attack stat.",いかく,戦闘に出たときに相手の『こうげき』ランクを1段階下げる。第8世代からは、特性『きもったま』『せいしんりょく』『どんかん』『マイペース』の相手には無効。／レベルの低い野生のポケモンと出会いにくくなる(第7世代まで※未検証)。
23,Shadow Tag,This Pokémon steps on the opposing Pokémon's shadow to prevent it from escaping.,かげふみ,相手は逃げたり、ポケモンを交代することができなくなる。相手が『ゴースト』タイプや特性『かげふみ』の場合は無効。
24,Rough Skin,This Pokémon inflicts damage with its rough skin to the attacker on contact.,さめはだ,直接攻撃を受けると、相手のHPを相手の最大HPの1/8減らす。
25,Wonder Guard,Its mysterious power only lets supereffective moves hit the Pokémon.,ふしぎなまもり,タイプ相性が『こうかは ばつぐん』でない技のダメージを受けない。ただし、タイプ相性に関係のない技は影響しない。
26,Levitate,"By floating in the air, the Pokémon receives full immunity to all Ground-type moves.",ふゆう,『じめん』タイプの技を受けない。また、技『どくびし』『まきびし』『ねばねばネット』や特性『ありじごく』の効果を受けない。『エレキフィールド』『サイコフィールド』『グラスフィールド』『ミストフィールド』の効果も受けない。
27,Effect Spore,"Contact with the Pokémon may inflict poison, sleep, or paralysis on its attacker.",ほうし,直接攻撃を受けると、30%の確率で相手を『どく』『まひ』『ねむり』状態のいずれかにする。
28,Synchronize,"The attacker will receive the same status condition if it inflicts a burn, poison, or paralysis to the Pokémon.",シンクロ,相手の技や特性によって『どく』『まひ』『やけど』状態になった時、相手を同じ状態異常にする。／同じ『せいかく』の野生のポケモンと出会いやすくなる。
29,Clear Body,Prevents other Pokémon's moves or Abilities from lowering the Pokémon's stats.,クリアボディ,相手の能力ランクを下げる技や特性の効果を受けない。
30,Natural Cure,All status conditions heal when the Pokémon switches out.,しぜんかいふく,他のポケモンに交代すると異常状態が回復する。
31,Lightning Rod,"The Pokémon draws in all Electric-type moves. Instead of being hit by Electric-type moves, it boosts its Sp. Atk.",ひらいしん,『でんき』タイプの技を受けるとダメージが無効化され、自分の『とくこう』ランクが1段階上がる。またダブルバトルの時、自分以外の全てのポケモンの『でんき』タイプの単体攻撃技の攻撃対象が自分になる。(攻撃対象が複数の技の場合はそのまま)／『でんき』タイプの野生のポケモンと出会いやすくなる(第8世代から)。
32,Serene Grace,Boosts the likelihood of additional effects occurring when attacking.,てんのめぐみ,技の追加効果の発生率が2倍になる。
33,Swift Swim,Boosts the Pokémon's Speed stat in rain.,すいすい,天気が『あめ』の時、『すばやさ』が2倍になる。
34,Chlorophyll,Boosts the Pokémon's Speed stat in harsh sunlight.,ようりょくそ,天気が『にほんばれ』の時、『すばやさ』が2倍になる。
35,Illuminate,Raises the likelihood of meeting wild Pokémon by illuminating the surroundings.,はっこう,／野生のポケモンと出会いやすくなる。
36,Trace,"When it enters a battle, the Pokémon copies an opposing Pokémon's Ability.",トレース,場に出た時、相手と同じ特性になる。相手が2体いる場合はランダムにどちらかの特性が選ばれる。相手の特性が『ARシステム』『イリュージョン』『かがくのちから』『かわりもの』『きずなへんげ』『ぎょぐん』『スワームチェンジ』『ぜったいねむり』『ダルマモード』『てんきや』『トレース』『ばけのかわ』『バトルスイッチ』『フラワーギフト』『マルチタイプ』『リミットシールド』『レシーバー』の場合は効果がなく、相手が別の特性のポケモンとなった時に発動する。
37,Huge Power,Doubles the Pokémon's Attack stat.,ちからもち,攻撃時の自分の『こうげき』が2倍になる。なお、技『イカサマ』の場合も、相手の『こうげき』を自分の能力にコピーした後に2倍にして攻撃する。
38,Poison Point,Contact with the Pokémon may poison the attacker.,どくのトゲ,直接攻撃を受けると、30%の確率で相手を『どく』状態にする。
39,Inner Focus,"The Pokémon's intensely focused, and that protects the Pokémon from flinching.",せいしんりょく,相手の技で『ひるみ』状態にならない。なお、技『きあいパンチ』には影響しない。第8世代からは、相手の特性『いかく』の効果も受けない。
40,Magma Armor,"The Pokémon is covered with hot magma, which prevents the Pokémon from becoming frozen.",マグマのよろい,『こおり』状態にならない。／『てもち』にいると、ポケモンのタマゴが2倍かえりやすくなる。(必要な歩数が半分になる)
41,Water Veil,"The Pokémon is covered with a water veil, which prevents the Pokémon from getting a burn.",みずのベール,『やけど』状態にならない。
42,Magnet Pull,Prevents Steel-type Pokémon from escaping using its magnetic force.,じりょく,相手の『はがね』タイプのポケモンは逃げたり、ポケモンを交代することができなくなる。／『はがね』タイプの野生のポケモンと出会いやすくなる。
43,Soundproof,Soundproofing gives the Pokémon full immunity to all sound-based moves.,ぼうおん,音系の技『いびき』『いやしのすず』『いやなおと』『うたう』『うたかたのアリア』『エコーボイス』『おしゃべり』『おたけび』『きんぞくおん』『くさぶえ』『さわぐ』『スケイルノイズ』『すてゼリフ』『チャームボイス』『ちょうおんぱ』『とおぼえ』『ないしょばなし』『なきごえ』『バークアウト』『ハイパーボイス』『ばくおんぱ』『ほえる』『ほろびのうた』『むしのさざめき』『りんしょう』『ブレイジングソウルビート』『オーバードライブ』を受けない。
44,Rain Dish,The Pokémon gradually regains HP in rain.,あめうけざら,天気が『あめ』の時毎ターン、HPが最大HPの1/16回復する。
45,Sand Stream,The Pokémon summons a sandstorm when it enters a battle.,すなおこし,戦闘に出ると5ターンの間、天気が『すなあらし』になる。
46,Pressure,"By putting pressure on the opposing Pokémon, it raises their PP usage.",プレッシャー,技を受けた時、技のPPを2減らす。／レベルの高い野生のポケモンと出会いやすくなる。
47,Thick Fat,"The Pokémon is protected by a layer of thick fat, which halves the damage taken from Fire- and Ice-type moves.",あついしぼう,『ほのお』『こおり』タイプの技を受けた時、ダメージが半減する。
48,Early Bird,The Pokémon awakens from sleep twice as fast as other Pokémon.,はやおき,『ねむり』状態の時、ねむり状態のターン経過が2倍になり、通常より早く回復する。
49,Flame Body,Contact with the Pokémon may burn the attacker.,ほのおのからだ,直接攻撃を受けると、30%の確率で相手を『やけど』状態にする。／『てもち』にいると、ポケモンのタマゴが2倍かえりやすくなる。(必要な歩数が半分になる)
50,Run Away,Enables a sure getaway from wild Pokémon.,にげあし,野生のポケモンとの戦闘の場合、必ず逃げられる。
51,Keen Eye,Keen eyes prevent other Pokémon from lowering this Pokémon's accuracy.,するどいめ,命中率ランクが下がらない。また、相手の回避率ランクの変化の影響を受けない。／レベルの低い野生のポケモンと出会いにくくなる(第7世代まで※未検証)。
52,Hyper Cutter,The Pokémon's proud of its powerful pincers. They prevent other Pokémon from lowering its Attack stat.,かいりきバサミ,相手の技や特性で『こうげき』ランクが下がらない。
53,Pickup,"The Pokémon may pick up the item an opposing Pokémon used during a battle. It may pick up items outside of battle, too.",ものひろい,毎ターン終了時に、そのターンに相手や味方(相手が優先)が消費した道具を拾って自分のものにする。自分が道具を持っていない時のみ発動する。『だっしゅつボタン』『ふうせん』には効果がない。／道具を持っていない時、戦闘後に10%の確率で道具を拾ってくる。戦闘に参加しなくてもよい。レベルに応じて拾ってくる道具が変化する。
54,Truant,The Pokémon can't use a move if it had used a move on the previous turn.,なまけ,攻撃後、次のターンは技が使えなくなる。交代などは可能。技『スキルスワップ』で入れ替えることや『いえき』で特性を無効化することはできるが、『シンプルビーム』『なかまづくり』『なやみのタネ』は効果がない。
55,Hustle,"Boosts the Attack stat, but lowers accuracy.",はりきり,『こうげき』が1.5倍になるが、物理攻撃の命中率が0.8倍になる。／レベルの高い野生のポケモンと出会いやすくなる。
56,Cute Charm,Contact with the Pokémon may cause infatuation.,メロメロボディ,直接攻撃を受けると、30%の確率で相手を『メロメロ』状態にする。性別が同じ場合や、性別不明の場合は効果がない。／異なる性別の野生のポケモンと出会いやすくなる。
57,Plus,Boosts the Sp. Atk stat of the Pokémon if an ally with the Plus or Minus Ability is also in battle.,プラス,特性『プラス』か『マイナス』のポケモンが戦闘にいると『とくこう』が1.5倍になる。
58,Minus,Boosts the Sp. Atk stat of the Pokémon if an ally with the Plus or Minus Ability is also in battle.,マイナス,特性『プラス』か『マイナス』のポケモンが戦闘にいると『とくこう』が1.5倍になる。
59,Forecast,"The Pokémon transforms with the weather to change its type to Water, Fire, or Ice.",てんきや,天気が『にほんばれ』の時は『ほのお』タイプに、『あめ』の時は『みず』タイプに、『あられ』の時は『こおり』タイプになり、姿がそれぞれ変化する。
60,Sticky Hold,Items held by the Pokémon are stuck fast and cannot be removed by other Pokémon.,ねんちゃく,持っている道具を相手に奪われない。／『てもち』の先頭にいると釣りが成功しやすくなる(第7世代まで※未検証)。
61,Shed Skin,The Pokémon may heal its own status conditions by shedding its skin.,だっぴ,ターンごとに1/3の確率で状態異常が治る。
62,Guts,It's so gutsy that having a status condition boosts the Pokémon's Attack stat.,こんじょう,状態異常の時、『こうげき』が1.5倍になる。またその時、『やけど』状態による『こうげき』半減の効果を受けない。
63,Marvel Scale,The Pokémon's marvelous scales boost the Defense stat if it has a status condition.,ふしぎなうろこ,状態異常の時、『ぼうぎょ』が1.5倍になる。
64,Liquid Ooze,"The oozed liquid has a strong stench, which damages attackers using any draining move.",ヘドロえき,HPを吸い取る技『きゅうけつ』『ギガドレイン』『すいとる』『ちからをすいとる』『デスウイング』『ドレインキッス』『ドレインパンチ』『パラボラチャージ』『メガドレイン』『やどりぎのタネ』を受けた時、逆に相手に本来回復する分のダメージを与える。『ちからをすいとる』は、『こうげき』ランクを下げる効果はある。
65,Overgrow,Powers up Grass-type moves when the Pokémon's HP is low.,しんりょく,HPが1/3以下の時、『くさ』タイプの技の威力が1.5倍になる。
66,Blaze,Powers up Fire-type moves when the Pokémon's HP is low.,もうか,HPが1/3以下の時、『ほのお』タイプの技の威力が1.5倍になる。
67,Torrent,Powers up Water-type moves when the Pokémon's HP is low.,げきりゅう,HPが1/3以下の時、『みず』タイプの技の威力が1.5倍になる。
68,Swarm,Powers up Bug-type moves when the Pokémon's HP is low.,むしのしらせ,HPが1/3以下の時、『むし』タイプの技の威力が1.5倍になる。
69,Rock Head,Protects the Pokémon from recoil damage.,いしあたま,技『アフロブレイク』『ウッドハンマー』『じごくぐるま』『すてみタックル』『とっしん』『フレアドライブ』『ブレイブバード』『ボルテッカー』『もろはのずつき』『ワイルドボルト』の反動を受けない。技『わるあがき』の反動は受ける。
70,Drought,Turns the sunlight harsh when the Pokémon enters a battle.,ひでり,戦闘に出ると5ターンの間、天気が『にほんばれ』になる。
71,Arena Trap,Prevents opposing Pokémon from fleeing.,ありじごく,相手は逃げたり、ポケモンを交代することができなくなる。ただし、相手が『ひこう』タイプや『ゴースト』タイプ、特性『ふゆう』の場合は効果がない。／野生のポケモンと出会いやすくなる。
72,Vital Spirit,"The Pokémon is full of vitality, and that prevents it from falling asleep.",やるき,『ねむり』状態にならない。技『ねむる』を使えない。／レベルの高い野生のポケモンと出会いやすくなる。
73,White Smoke,"The Pokémon is protected by its white smoke, which prevents other Pokémon from lowering its stats.",しろいけむり,相手の能力ランクを下げる技や特性の効果を受けない。／野生のポケモンと出会いにくくなる。
74,Pure Power,"Using its pure power, the Pokémon doubles its Attack stat.",ヨガパワー,攻撃時の自分の『こうげき』が2倍になる。なお、技『イカサマ』の場合も、相手の『こうげき』を自分の能力にコピーした後に2倍にして攻撃する。
75,Shell Armor,A hard shell protects the Pokémon from critical hits.,シェルアーマー,自分への攻撃は急所に当たらない。
76,Air Lock,Eliminates the effects of weather.,エアロック,全てのポケモンに対しての天気の影響がなくなる。
77,Tangled Feet,Raises evasiveness if the Pokémon is confused.,ちどりあし,『こんらん』状態の時、回避率が上がる。
78,Motor Drive,Boosts its Speed stat if hit by an Electric-type move instead of taking damage.,でんきエンジン,『でんき』タイプの技を受けるとダメージや効果はなくなり、『すばやさ』ランクが1段階上がる。
79,Rivalry,"Becomes competitive and deals more damage to Pokémon of the same gender, but deals less to Pokémon of the opposite gender.",とうそうしん,性別が同じ相手に対しては『こうげき』『とくこう』が1.25倍になるが、異なる場合は0.75倍になる。性別のないポケモンの場合は効果がない。
80,Steadfast,The Pokémon's determination boosts the Speed stat each time the Pokémon flinches.,ふくつのこころ,相手の技でひるむと、『すばやさ』ランクが1段階上がる。
81,Snow Cloak,Boosts evasiveness in a hailstorm.,ゆきがくれ,天気が『あられ』の時、相手の技の命中率が0.8倍になる。また、『あられ』によるダメージを受けない。／フィールドの天気が『あられ』の時、野生のポケモンと出会いにくくなる(第7世代まで※未検証)。
82,Gluttony,"Makes the Pokémon eat a held Berry when its HP drops to half or less, which is sooner than usual.",くいしんぼう,通常より早く、HPが最大HPの半分以下になると『きのみ』を使う。
83,Anger Point,"The Pokémon is angered when it takes a critical hit, and that maxes its Attack stat.",いかりのつぼ,自分への攻撃が急所に当たると、『こうげき』ランクが最大まで上がる。
84,Unburden,Boosts the Speed stat if the Pokémon's held item is used or lost.,かるわざ,持っている道具がなくなると『すばやさ』が2倍になる。再び道具を持つと元に戻る。最初から道具を持っていない場合は効果がない。
85,Heatproof,The heatproof body of the Pokémon halves the damage from Fire-type moves that hit it.,たいねつ,『ほのお』タイプの技を受けた時と、『やけど』状態によるダメージが半減する。
86,Simple,The stat changes the Pokémon receives are doubled.,たんじゅん,能力ランクの変化が2倍になる。
87,Dry Skin,"Restores HP in rain or when hit by Water-type moves. Reduces HP in harsh sunlight, and increases the damage received from Fire-type moves.",かんそうはだ,『ほのお』タイプの技の受けるダメージが1.25倍になる。『みず』タイプの技を受けると、ダメージを受けずHPが最大HPの1/4回復する。また、天気が『にほんばれ』の時は毎ターン最大HPの1/8のダメージを受け、『あめ』の時は毎ターンHPが最大HPの1/8回復する。
88,Download,Compares an opposing Pokémon's Defense and Sp. Def stats before raising its own Attack or Sp. Atk stat—whichever will be more effective.,ダウンロード,相手の『ぼうぎょ』が『とくぼう』より低い場合は『こうげき』ランクを、『とくぼう』の方が低い場合は『とくこう』ランクを1段階上げる。
89,Iron Fist,Powers up punching moves.,てつのこぶし,パンチ系の技『アイスハンマー』『アームハンマー』『かみなりパンチ』『きあいパンチ』『グロウパンチ』『コメットパンチ』『シャドーパンチ』『スカイアッパー』『ドレインパンチ』『ばくれつパンチ』『バレットパンチ』『ピヨピヨパンチ』『プラズマフィスト』『ほのおのパンチ』『マッハパンチ』『メガトンパンチ』『れいとうパンチ』『れんぞくパンチ』『ダブルパンツァー』『あんこくきょうだ』『すいりゅうれんだ』の威力が1.2倍になる。
90,Poison Heal,Restores HP if the Pokémon is poisoned instead of losing HP.,ポイズンヒール,『どく』状態の時毎ターン、HPが減らずに最大HPの1/8だけ回復する。『もうどく』状態でも回復量は変わらない。
91,Adaptability,Powers up moves of the same type as the Pokémon.,てきおうりょく,自分の『タイプ』と同じ『タイプ』の技のダメージが1.5倍ではなく2倍になる。
92,Skill Link,Maximizes the number of times multistrike moves hit.,スキルリンク,1ターンに2～5回連続で攻撃する技『おうふくビンタ』『スイープビンタ』『スケイルショット』『タネマシンガン』『たまなげ』『つっぱり』『つららばり』『とげキャノン』『ボーンラッシュ』『ミサイルばり』『みずしゅりけん』『みだれづき』『みだれひっかき』『れんぞくパンチ』『ロックブラスト』が必ず5回当たる。
93,Hydration,Heals status conditions if it's raining.,うるおいボディ,天気が『あめ』の時、ターン終了時に状態異常が回復する。
94,Solar Power,"Boosts the Sp. Atk stat in harsh sunlight, but HP decreases every turn.",サンパワー,天気が『にほんばれ』の時、『とくこう』が1.5倍になるが、毎ターン終了時に最大HPの1/8のダメージを受ける。
95,Quick Feet,Boosts the Speed stat if the Pokémon has a status condition.,はやあし,状態異常の時、『すばやさ』が1.5倍になる。／野生のポケモンと出会いにくくなる。
96,Normalize,All the Pokémon's moves become Normal type. The power of those moves is boosted a little.,ノーマルスキン,自分の全ての技が『ノーマル』タイプになる。さらに威力が1.2倍になる。(第6世代は威力上昇なし)
97,Sniper,Powers up moves if they become critical hits when attacking.,スナイパー,自分の攻撃が急所に当たると、ダメージが1.5倍ではなく2.25倍になる。
98,Magic Guard,The Pokémon only takes damage from attacks.,マジックガード,直接のダメージ以外を受けない。具体的には、『どく』『やけど』状態や特性『さめはだ』『てつのトゲ』『とびだすなかみ』『ヘドロえき』『ゆうばく』、天気『あられ』『すなあらし』、技『あくむ』『うずしお』『からではさむ』『しめつける』『ステルスロック』『すなじごく』『のろい』『はじけるほのお』『ふんじん』『ほのおのうず』『ほのおのちかい』『まきつく』『まきびし』『マグマストーム』『まとわりつく』『やどりぎのタネ』によるダメージ、反動のある技による反動ダメージや失敗時に受けるダメージ、『ニードルガード』『ふんじん』によるダメージ、道具『いのちのたま』『くっつきバリ』『くろいヘドロ』『ゴツゴツメット』の効果によるダメージを受けない。ただし『こんらん』『じばく』『だいばくはつ』『わるあがき』などには影響しない。
99,No Guard,The Pokémon employs no-guard tactics to ensure incoming and outgoing attacks always land.,ノーガード,お互いに技が命中率・回避率に関係なく必ず命中する。技『そらをとぶ』『とびはねる』『フリーフォール』『あなをほる』『ダイビング』『ゴーストダイブ』『シャドーダイブ』を使っている時でも命中する。／野生のポケモンと出会いやすくなる。
100,Stall,The Pokémon moves after all other Pokémon do.,あとだし,技を出す順番が必ず一番最後になる。
101,Technician,Powers up the Pokémon's weaker moves.,テクニシャン,威力が60以下の技の威力が1.5倍になる。威力の変動する技や、威力が修正された場合は修正後の威力で判定する。
102,Leaf Guard,Prevents status conditions in harsh sunlight.,リーフガード,天気が『にほんばれ』の時、状態異常にならない。
103,Klutz,The Pokémon can't use any held items.,ぶきよう,持っている道具の効果が発揮されない。
104,Mold Breaker,Moves can be used on the target regardless of its Abilities.,かたやぶり,相手の特性の影響を受けずに攻撃できる。ただし、攻撃後に受ける効果は消えない。
105,Super Luck,The Pokémon is so lucky that the critical-hit ratios of its moves are boosted.,きょううん,急所ランクが1段階上がった状態となり、自分の攻撃が急所に当たりやすくなる。／野生のポケモンが道具を持っている確率が上がる(5%のものが20%になる)(第8世代から)。
106,Aftermath,Damages the attacker if it contacts the Pokémon with a finishing hit.,ゆうばく,相手の直接攻撃で『ひんし』になった時、相手に相手の最大HPの1/4のダメージを与える。
107,Anticipation,The Pokémon can sense an opposing Pokémon's dangerous moves.,きけんよち,戦闘に出てきた時、相手が『こうかは ばつぐん』や一撃必殺となる技を持っているかが分かる。技の名前などは分からない。
108,Forewarn,"When it enters a battle, the Pokémon can tell one of the moves an opposing Pokémon has.",よちむ,戦闘に出ると相手の覚えている技のうち、最も威力の高い技の名前が分かる。同じ威力の技がある場合はランダム。
109,Unaware,"When attacking, the Pokémon ignores the target Pokémon's stat changes.",てんねん,相手の能力ランクの変化の影響を受けない。
110,Tinted Lens,"The Pokémon can use ""not very effective"" moves to deal regular damage.",いろめがね,自分の技のタイプ相性が『こうかは いまひとつのようだ』の場合、1/2倍の時は通常に、1/4倍の時は1/2倍になる。
111,Filter,Reduces the power of supereffective attacks taken.,フィルター,タイプ相性が『こうかは ばつぐん』の技の受けるダメージが3/4になる。例えば、2倍弱点の場合は1.5倍のダメージになる。
112,Slow Start,"For five turns, the Pokémon's Attack and Speed stats are halved.",スロースタート,戦闘に出てから5ターンの間、『こうげき』『すばやさ』が半分になる。
113,Scrappy,The Pokémon can hit Ghost-type Pokémon with Normal- and Fighting-type moves.,きもったま,相手が『ゴースト』タイプでも、『ノーマル』『かくとう』タイプの技が等倍で当たる。第8世代からは、相手の特性『いかく』の効果も受けない。
114,Storm Drain,"Draws in all Water-type moves. Instead of being hit by Water-type moves, it boosts its Sp. Atk.",よびみず,『みず』タイプの技を受けるとダメージが無効化され、自分の『とくこう』ランクが1段階上がる。またダブルバトルの時、自分以外の全てのポケモンの『みず』タイプの単体攻撃技の攻撃対象が自分になる。(攻撃対象が複数の技の場合はそのまま)／『みず』タイプの野生のポケモンと出会いやすくなる(第8世代から)。
115,Ice Body,The Pokémon gradually regains HP in a hailstorm.,アイスボディ,天気が『あられ』の時、ダメージを受けず、毎ターン終了時にHPが最大HPの1/16回復する。
116,Solid Rock,Reduces the power of supereffective attacks taken.,ハードロック,タイプ相性が『こうかは ばつぐん』の技の受けるダメージが3/4になる。例えば、本来2倍弱点の場合は1.5倍のダメージに軽減される。
117,Snow Warning,The Pokémon summons a hailstorm when it enters a battle.,ゆきふらし,戦闘に出ると5ターンの間、天気が『あられ』になる。
118,Honey Gather,The Pokémon may gather Honey after a battle.,みつあつめ,／道具を持っていない時、戦闘後にどうぐ『あまいミツ』を拾ってくることがある。戦闘に参加しなくてもよい。レベルが高い程、拾ってくる確率が上がる。
119,Frisk,"When it enters a battle, the Pokémon can check an opposing Pokémon's held item.",おみとおし,戦闘に出てきた時、すべての相手の持っている道具の名前が分かる。
120,Reckless,Powers up moves that have recoil damage.,すてみ,技『アフロブレイク』『ウッドハンマー』『じごくぐるま』『すてみタックル』『とっしん』『とびげり』『とびひざげり』『もろはのずつき』『フレアドライブ』『ブレイブバード』『ボルテッカー』『ワイルドボルト』の威力が1.2倍になる。
121,Multitype,Changes the Pokémon's type to match the Plate or Z-Crystal it holds.,マルチタイプ,持っている『プレート』に対応して『タイプ』が変化する。
122,Flower Gift,Boosts the Attack and Sp. Def stats of itself and allies in harsh sunlight.,フラワーギフト,天気が『にほんばれ』の時、ポジフォルムにフォルムチェンジする。種族値などは変わらないが、自分とすべての味方の『こうげき』『とくぼう』が1.5倍になる。
123,Bad Dreams,Reduces the HP of sleeping opposing Pokémon.,ナイトメア,相手が『ねむり』状態の時、相手のHPを相手の最大HPの1/8減らす。
124,Pickpocket,Steals an item from an attacker that made direct contact.,わるいてぐせ,直接攻撃を受けた時、相手の持っている道具を奪う。
125,Sheer Force,Removes additional effects to increase the power of moves when attacking.,ちからずく,追加効果のある技を使うと、追加効果が発動しない代わりに威力が1.3倍になる。また、追加効果がある技を使うと、道具『いのちのたま』の反動効果や『かいがらのすず』の回復効果を受けない。攻撃対象の相手の道具『だっしゅつボタン』『レッドカード』『アッキのみ』『タラプのみ』および特性『にげごし』『ききかいひ』『へんしょく』『わるいてぐせ』『ぎゃくじょう』の効果も発動させない。なお、自分の能力ランクを下げる技や反動技、ダイマックス技は追加効果の対象ではない。
126,Contrary,Makes stat changes have an opposite effect.,あまのじゃく,能力ランクを変化させる技の効果が逆になる(1段階上がるものは1段階下がる)。ダイマックス技の追加効果は影響を受けるが、第7世代の変化技のZワザによる追加効果については影響を受けない。
127,Unnerve,Unnerves opposing Pokémon and makes them unable to eat Berries.,きんちょうかん,すべての相手は『きのみ』を使用できなくなる。
128,Defiant,Boosts the Pokémon's Attack stat sharply when its stats are lowered.,まけんき,相手の技や特性で能力ランクが下がった時、自分の『こうげき』ランクが2段階上がる。自分や味方の技や特性で下がった場合は効果がない。
129,Defeatist,Halves the Pokémon's Attack and Sp. Atk stats when its HP becomes half or less.,よわき,自分のHPが半分以下になると、『こうげき』『とくこう』が半減する。
130,Cursed Body,May disable a move used on the Pokémon.,のろわれボディ,相手から技を受けた時、30%の確率で3ターンの間、その相手の技を『かなしばり』状態にする。技が無効化された場合や、自分が『みがわり』状態の場合は発動しない。
131,Healer,Sometimes heals an ally's status condition.,いやしのこころ,毎ターン終了時、1/3の確率で自分以外の味方の状態異常が治る。
132,Friend Guard,Reduces damage done to allies.,フレンドガード,自分以外の味方が受けるダメージが3/4に軽減される。(ダブルバトル用)
133,Weak Armor,Physical attacks to the Pokémon lower its Defense stat but sharply raise its Speed stat.,くだけるよろい,物理技を受けると、『ぼうぎょ』ランクが1段階下がり、『すばやさ』ランクが2段階上がる。(第6世代は1段階)
134,Heavy Metal,Doubles the Pokémon's weight.,ヘヴィメタル,自分の『おもさ』が2倍になる。(技『ヘビーボンバー』などで有効)
135,Light Metal,Halves the Pokémon's weight.,ライトメタル,自分の『おもさ』が半分になる。(技『けたぐり』『くさむすび』対策などで有効)
136,Multiscale,Reduces the amount of damage the Pokémon takes while its HP is full.,マルチスケイル,自分の残りHPが最大値の時、受けるダメージが半減される。
137,Toxic Boost,Powers up physical attacks when the Pokémon is poisoned.,どくぼうそう,『どく』『もうどく』状態の時、自分の物理技の威力が1.5倍になる。
138,Flare Boost,Powers up special attacks when the Pokémon is burned.,ねつぼうそう,『やけど』状態の時、自分の特殊技の威力が1.5倍になる。
139,Harvest,May create another Berry after one is used.,しゅうかく,ターン終了時、自分が最後に使用した『きのみ』が50%の確率で元に戻る。天気が『にほんばれ』の時は100%の確率で元に戻る。／『くさ』タイプの野生のポケモンと出会いやすくなる(第8世代から)。
140,Telepathy,Anticipates an ally's attack and dodges it.,テレパシー,味方の技のダメージを受けない。
141,Moody,Raises one stat sharply and lowers another every turn.,ムラっけ,毎ターン終了時、『こうげき』『ぼうぎょ』『とくこう』『とくぼう』『すばやさ』いずれかのランクが2段階上がり、別のランクが1段階下がる。(第7世代までは『回避率』『命中率』も含まれていた)
142,Overcoat,"Protects the Pokémon from things like sand, hail, and powder.",ぼうじん,天気『あられ』『すなあらし』によるダメージを受けない。粉系の技『いかりのこな』『キノコのほうし』『しびれごな』『どくのこな』『ねむりごな』『ふんじん』『まほうのこな』『わたほうし』、特性『ほうし』の効果を受けない。
143,Poison Touch,May poison a target when the Pokémon makes contact.,どくしゅ,相手に直接攻撃をすると、30%の確率で相手を『どく』状態にする。
144,Regenerator,Restores a little HP when withdrawn from battle.,さいせいりょく,他のポケモンに交代するとHPが最大HPの1/3回復する。
145,Big Pecks,Protects the Pokémon from Defense-lowering effects.,はとむね,相手の『ぼうぎょ』ランクを下げる技や特性の効果を受けない。
146,Sand Rush,Boosts the Pokémon's Speed stat in a sandstorm.,すなかき,天気が『すなあらし』の時、『すばやさ』が2倍になる。また、『すなあらし』によるダメージを受けない。
147,Wonder Skin,Makes status moves more likely to miss.,ミラクルスキン,相手の変化技の命中する確率が50%より大きい場合、命中率が50%になる。
148,Analytic,Boosts move power when the Pokémon moves last.,アナライズ,自分の攻撃がターンで一番最後の時、技の威力が1.3倍になる。
149,Illusion,Comes out disguised as the Pokémon in the party's last spot.,イリュージョン,手持ちの最後のポケモンの姿と名前で戦闘に出る。『タイプ』や能力に変化はない。ダメージを受けると元に戻る。
150,Imposter,The Pokémon transforms itself into the Pokémon it's facing.,かわりもの,戦闘に出ると、相手のポケモンに変身し、『へんしん』状態になる。
151,Infiltrator,"Passes through the opposing Pokémon's barrier, substitute, and the like and strikes.",すりぬけ,相手の『オーロラベール』『リフレクター』『ひかりのかべ』『しろいきり』『しんぴのまもり』『みがわり』の効果を受けない。／野生のポケモンと出会いにくくなる(第8世代から※未検証)。
152,Mummy,Contact with the Pokémon changes the attacker's Ability to Mummy.,ミイラ,直接攻撃を受けると、相手の特性を『ミイラ』にする(相手の本来の特性を無効化する)。
153,Moxie,"The Pokémon shows moxie, and that boosts the Attack stat after knocking out any Pokémon.",じしんかじょう,自分の技で相手を倒すと、『こうげき』ランクが1段階上がる。
154,Justified,"Being hit by a Dark-type move boosts the Attack stat of the Pokémon, for justice.",せいぎのこころ,『あく』タイプの技を受けると、『こうげき』ランクが1段階上がる。
155,Rattled,"Dark-, Ghost-, and Bug-type moves scare the Pokémon and boost its Speed stat.",びびり,『ゴースト』『むし』『あく』タイプの技を受けた時、『すばやさ』ランクが1段階上がる。第8世代からは、相手の特性『いかく』で『こうげき』が下がった時にも発動する。
156,Magic Bounce,Reflects status moves instead of getting hit by them.,マジックミラー,技『マジックコート』で跳ね返すことのできる技を跳ね返せる。
157,Sap Sipper,Boosts the Attack stat if hit by a Grass-type move instead of taking damage.,そうしょく,『くさ』タイプの技を受けると技が無効化され、『こうげき』ランクが1段階上がる。
158,Prankster,Gives priority to a status move.,いたずらごころ,自分の使う変化技の優先度が1だけ加算される。優先度0の変化技も優先度+1として『すばやさ』に関係なく先制攻撃できる。ただし『あく』タイプの相手(味方は含まない)には変化技がすべて失敗する(第6世代は条件なし)。
159,Sand Force,"Boosts the power of Rock-, Ground-, and Steel-type moves in a sandstorm.",すなのちから,天気が『すなあらし』の時、自分の『じめん』『いわ』『はがね』タイプの技の威力が1.3倍になる。また、『すなあらし』によるダメージを受けない。
160,Iron Barbs,Inflicts damage on the attacker upon contact with iron barbs.,てつのトゲ,直接攻撃を受けると、相手のHPを相手の最大HPの1/8減らす。
161,Zen Mode,Changes the Pokémon's shape when HP is half or less.,ダルマモード,自分の残りHPが半分以下になるとフォルムチェンジする。回復して半分より多くなると元に戻る。
162,Victory Star,Boosts the accuracy of its allies and itself.,しょうりのほし,自分と味方の技の命中率が上がる。
163,Turboblaze,Moves can be used on the target regardless of its Abilities.,ターボブレイズ,相手の特性の影響を受けずに攻撃できる。ただし、攻撃後に受ける効果は消えない。
164,Teravolt,Moves can be used on the target regardless of its Abilities.,テラボルテージ,相手の特性の影響を受けずに攻撃できる。ただし、攻撃後に受ける効果は消えない。
165,Aroma Veil,Protects itself and its allies from attacks that limit their move choices.,アロマベール,自分と味方へのメンタル攻撃技『アンコール』『いちゃもん』『かいふくふうじ』『かなしばり』『ちょうはつ』『メロメロ』を無効化する。
166,Flower Veil,Ally Grass-type Pokémon are protected from status conditions and the lowering of their stats.,フラワーベール,味方すべての『くさ』タイプのポケモンは、味方自身以外の技や特性によって能力ランクを下げられず、状態異常にもならない。
167,Cheek Pouch,Restores HP as well when the Pokémon eats a Berry.,ほおぶくろ,自分の持っている『きのみ』を食べる時、本来の効果に加えて、さらにHPも最大HPの1/3回復する。
168,Protean,Changes the Pokémon's type to the type of the move it's about to use.,へんげんじざい,自分の技を出す時、直前のタイミングで自分のタイプが技と同じタイプになる(タイプは変化したままになる)。変化技にも有効。
169,Fur Coat,Halves the damage from physical moves.,ファーコート,物理攻撃の受けるダメージが半減する。
170,Magician,The Pokémon steals the held item of a Pokémon it hits with a move.,マジシャン,自分の攻撃時、技を当てた相手が持っている道具を奪う。
171,Bulletproof,Protects the Pokémon from some ball and bomb moves.,ぼうだん,たま・爆弾系の技『アイスボール』『アシッドボム』『ウェザーボール』『エナジーボール』『エレキボール』『オクタンほう』『かえんだん』『かえんボール』『かふんだんご』『がんせきほう』『きあいだま』『くちばしキャノン』『ジャイロボール』『シャドーボール』『タネばくだん』『タネマシンガン』『タマゴばくだん』『たまなげ』『でんじほう』『どろばくだん』『はどうだん』『ヘドロばくだん』『マグネットボム』『ミストボール』『ロックブラスト』を無効化する。
172,Competitive,Boosts the Sp. Atk stat sharply when a stat is lowered.,かちき,相手の技や特性で能力ランクが下がると、『とくこう』ランクが2段階上がる。自分や味方の技や特性で下がった場合は効果がない。
173,Strong Jaw,The Pokémon's strong jaw boosts the power of its biting moves.,がんじょうあご,あごやキバを使って攻撃する技『かみつく』『かみくだく』『ひっさつまえば』『ほのおのキバ』『かみなりのキバ』『こおりのキバ』『どくどくのキバ』『サイコファング』『エラがみ』の威力が1.5倍になる。
174,Refrigerate,Normal-type moves become Ice-type moves. The power of those moves is boosted a little.,フリーズスキン,自分の『ノーマル』タイプの技が『こおり』タイプになり、さらに威力が1.2倍になる。(第6世代は1.3倍)
175,Sweet Veil,Prevents itself and ally Pokémon from falling asleep.,スイートベール,自分や味方のポケモンは『ねむり』状態にならない。
176,Stance Change,The Pokémon changes its form to Blade Forme when it uses an attack move and changes to Shield Forme when it uses King's Shield.,バトルスイッチ,攻撃技を使用する場合ブレードフォルムになり(攻撃・特攻が高い)、技『キングシールド』を使用するとシールドフォルムになる(防御・特防が高い)。
177,Gale Wings,Gives priority to Flying-type moves when the Pokémon's HP is full.,はやてのつばさ,自分の残りHPが最大値の時、優先度0の『ひこう』タイプの技を『すばやさ』に関係なく先制攻撃できる(優先度:+1)。(第6世代はHPの条件なし)
178,Mega Launcher,Powers up aura and pulse moves.,メガランチャー,波動系の技『あくのはどう』『はどうだん』『みずのはどう』『りゅうのはどう』『だいちのはどう』の技の威力が1.5倍になり、『いやしのはどう』は最大HPの3/4回復する。
179,Grass Pelt,Boosts the Pokémon's Defense stat on Grassy Terrain.,くさのけがわ,場の状態が『グラスフィールド』の時、『ぼうぎょ』が1.5倍になる。
180,Symbiosis,The Pokémon passes its item to an ally that has used up an item.,きょうせい,味方が道具を使ったり失った時、自分の持っている道具を味方に移動する。
181,Tough Claws,Powers up moves that make direct contact.,かたいツメ,直接攻撃する技の威力が1.3倍になる。
182,Pixilate,Normal-type moves become Fairy-type moves. The power of those moves is boosted a little.,フェアリースキン,自分の『ノーマル』タイプの技が『フェアリー』タイプになり、さらに威力が1.2倍になる(第6世代は1.3倍)。ダイマックスすると、『ダイフェアリー』になるが、威力の補正はない。
183,Gooey,Contact with the Pokémon lowers the attacker's Speed stat.,ぬめぬめ,直接攻撃を受けると、相手の『すばやさ』ランクを1段階下げる。
184,Aerilate,Normal-type moves become Flying-type moves. The power of those moves is boosted a little.,スカイスキン,自分の『ノーマル』タイプの技が『ひこう』タイプになり、さらに威力が1.2倍になる(第6世代は1.3倍)。ダイマックスすると、『ダイジェット』になるが、威力の補正はない。
185,Parental Bond,Parent and child each attacks.,おやこあい,同じ技を1ターンに2回攻撃できる。2回目の攻撃は、威力が0.25倍になる。能力ランクを下げるなどの効果は2回分与えられる。1ターンに連続して攻撃する技や、複数の相手に攻撃する技の場合は2回攻撃できない。(第6世代は2回目威力0.5倍)
186,Dark Aura,Powers up each Pokémon's Dark-type moves.,ダークオーラ,お互いのすべてのポケモンの『あく』タイプの技の威力が4/3倍(1.33倍)になる。
187,Fairy Aura,Powers up each Pokémon's Fairy-type moves.,フェアリーオーラ,お互いのすべてのポケモンの『フェアリー』タイプの技の威力が4/3倍(1.33倍)になる。
188,Aura Break,"The effects of ""Aura"" Abilities are reversed to lower the power of affected moves.",オーラブレイク,お互いのポケモンの特性『フェアリーオーラ』『ダークオーラ』の効果において、威力が4/3倍ではなく3/4倍(0.75倍)になる。
189,Primordial Sea,The Pokémon changes the weather to nullify Fire-type attacks.,はじまりのうみ,戦闘に出ている間、天気が『つよいあめ』になる。通常の天気『あめ』状態に加えて、『ほのお』タイプの攻撃技が無効になる。また、技『あまごい』『にほんばれ』『すなあらし』『あられ』が失敗し、特性『あめふらし』『ひでり』『すなおこし』『ゆきふらし』が発動しなくなる。この状態を変更できるのは特性『おわりのだいち』『デルタストリーム』のみ。
190,Desolate Land,The Pokémon changes the weather to nullify Water-type attacks.,おわりのだいち,戦闘に出ている間、天気が『ひざしがとてもつよい』になる。通常の天気『にほんばれ』状態に加えて、『みず』タイプの攻撃技が無効になる。また、技『あまごい』『にほんばれ』『すなあらし』『あられ』が失敗し、特性『あめふらし』『ひでり』『すなおこし』『ゆきふらし』が発動しなくなる。この状態を変更できるのは特性『はじまりのうみ』『デルタストリーム』のみ。
191,Delta Stream,The Pokémon changes the weather to eliminate all of the Flying type's weaknesses.,デルタストリーム,戦闘に出ている間、天気が『らんきりゅう』になる。『ひこう』タイプのポケモンの弱点となるタイプの技のダメージが通常のダメージになる。また、技『あまごい』『にほんばれ』『すなあらし』『あられ』が失敗し、特性『あめふらし』『ひでり』『すなおこし』『ゆきふらし』が発動しなくなる。この状態を変更できるのは特性『はじまりのうみ』『おわりのだいち』のみ。
192,Stamina,Boosts the Defense stat when hit by an attack.,じきゅうりょく,技のダメージを受けると、『ぼうぎょ』ランクが1段階上がる。
193,Wimp Out,The Pokémon cowardly switches out when its HP becomes half or less.,にげごし,相手の技のダメージで自分の残りHPが半分以下になると、他の手持ちのポケモンと交代する。相手の技のダメージ以外の場合や、すでに残りHPが半分以下の場合は発動しない。なお、野生のポケモンが相手の場合は交代せずに逃げ出す。
194,Emergency Exit,"The Pokémon, sensing danger, switches out when its HP becomes half or less.",ききかいひ,相手の技のダメージで自分の残りHPが半分以下になると、他の手持ちのポケモンと交代する。相手の技のダメージ以外の場合や、すでに残りHPが半分以下の場合は発動しない。なお、野生のポケモンが相手の場合は交代せずに逃げ出す。
195,Water Compaction,Boosts the Pokémon's Defense stat sharply when hit by a Water-type move.,みずがため,『みず』タイプの技を受けると、『ぼうぎょ』ランクが2段階上がる。
196,Merciless,The Pokémon's attacks become critical hits if the target is poisoned.,ひとでなし,相手が『どく』『もうどく』状態の時、自分の攻撃が必ず急所に当たる。
197,Shields Down,"When its HP becomes half or less, the Pokémon's shell breaks and it becomes aggressive.",リミットシールド,自分の残りHPが半分より多い時は防御に特化したフォルムで状態異常にならず、半分以下になると攻撃に特化したフォルムになる。
198,Stakeout,Doubles the damage dealt to the target's replacement if the target switches out.,はりこみ,相手がポケモンを交代する時に攻撃すると、交代して出てきたポケモンに2倍のダメージを与える。
199,Water Bubble,Lowers the power of Fire-type moves done to the Pokémon and prevents the Pokémon from getting a burn.,すいほう,『みず』タイプの技の威力が2倍になる。また、『ほのお』タイプの技を受けた時、ダメージが半減する。さらに『やけど』状態にならない。
200,Steelworker,Powers up Steel-type moves.,はがねつかい,『はがね』タイプの技の威力が1.5倍になる。
201,Berserk,Boosts the Pokémon's Sp. Atk stat when it takes a hit that causes its HP to become half or less.,ぎゃくじょう,相手の技のダメージで自分の残りHPが半分以下になると、『とくこう』ランクが1段階上がる。相手の技のダメージ以外の場合や、すでに残りHPが半分以下の場合は発動しない。
202,Slush Rush,Boosts the Pokémon's Speed stat in a hailstorm.,ゆきかき,天気が『あられ』の時、『すばやさ』が2倍になる。
203,Long Reach,The Pokémon uses its moves without making contact with the target.,えんかく,自分の使う技はすべて直接攻撃ではなくなる。
204,Liquid Voice,All sound-based moves become Water-type moves.,うるおいボイス,自分の音系の技『いびき』『いやしのすず』『いやなおと』『うたう』『うたかたのアリア』『エコーボイス』『おしゃべり』『おたけび』『きんぞくおん』『くさぶえ』『さわぐ』『スケイルノイズ』『すてゼリフ』『チャームボイス』『ちょうおんぱ』『とおぼえ』『ないしょばなし』『なきごえ』『バークアウト』『ハイパーボイス』『ばくおんぱ』『ほえる』『ほろびのうた』『むしのさざめき』『りんしょう』『ソウルビート』『オーバードライブ』の『タイプ』がすべて『みず』タイプになる。
205,Triage,Gives priority to a healing move.,ヒーリングシフト,自分の使う回復技の優先度が3だけ加算される。優先度0の回復技も優先度+3として『すばやさ』に関係なく先制攻撃できる。対象となる回復技は『こうごうせい』や『ギガドレイン』『ドレインキッス』『フラワーヒール』『ねむる』など技の直接効果で回復する技のみで、『やどりぎのタネ』や『グラスフィールド』など状態変化技や『かふんだんご』には影響しない。
206,Galvanize,Normal-type moves become Electric-type moves. The power of those moves is boosted a little.,エレキスキン,自分の『ノーマル』タイプの技が『でんき』タイプになり、さらに威力が1.2倍になる。ダイマックスすると、『ダイサンダー』になるが、威力の補正はない。
207,Surge Surfer,Doubles the Pokémon's Speed stat on Electric Terrain.,サーフテール,場の状態が『エレキフィールド』の時、『すばやさ』が2倍になる。
208,Schooling,"When it has a lot of HP, the Pokémon forms a powerful school. It stops schooling when its HP is low.",ぎょぐん,レベル20以上になると、残りHPが最大HPの1/4以上であれば、場に出た時かターン終了時に『むれたすがた』にフォルムチェンジする。残りHPが最大HPの1/4以下になると、ターン終了時に『たんどくのすがた』に戻る。
209,Disguise,"Once per battle, the shroud that covers the Pokémon can protect it from an attack.",ばけのかわ,1回だけ相手の技のダメージや『こんらん』状態による自傷ダメージを無効化し、フォルムチェンジする(能力などは変化しない)。その時、第8世代からは最大HPの1/8のダメージを受ける。ダメージ以外の効果や、状態異常、天気や道具、特性によるダメージなどには影響しない。一度フォルムチェンジすると、場から離れてもバトル中は元に戻らない。
210,Battle Bond,"Defeating an opposing Pokémon strengthens the Pokémon's bond with its Trainer, and it becomes Ash-Greninja. Water Shuriken gets more powerful.",きずなへんげ,自分の技で相手を倒すと、通常の『ゲッコウガ』から『サトシゲッコウガ』にフォルムチェンジする。
211,Power Construct,Other Cells gather to aid when its HP becomes half or less. Then the Pokémon changes its form to Complete Forme.,スワームチェンジ,自分の残りHPが半分以下になると『パーフェクトフォルム』にフォルムチェンジする。
212,Corrosion,The Pokémon can poison the target even if it's a Steel or Poison type.,ふしょく,『どく』『はがね』タイプのポケモンも『どく』『もうどく』状態にできる。
213,Comatose,It's always drowsing and will never wake up. It can attack without waking up.,ぜったいねむり,常に『ねむり』状態で、他の状態異常にならない。『ねむり』状態で技を出せる。
214,Queenly Majesty,"Its majesty pressures the opposing Pokémon, making it unable to attack using priority moves.",じょおうのいげん,自分と味方は、相手の先制技を受けない。なお、自分が使う先制技や味方から受ける先制技には影響しない。
215,Innards Out,Damages the attacker landing the finishing hit by the amount equal to its last HP.,とびだすなかみ,相手の技のダメージによって『ひんし』になった時、その最後の技を受けた時に残っていたHP分のダメージを技を使った相手に与える。
216,Dancer,"When another Pokémon uses a dance move, it can use a dance move following it regardless of its Speed.",おどりこ,場にいるポケモンが踊り系の技『ちょうのまい』『つるぎのまい』『はなびらのまい』『フェザーダンス』『フラフラダンス』『ほのおのまい』『みかづきのまい』『めざめるダンス』『りゅうのまい』『ソウルビート』を使うと、その直後に同じ技を使える。(自分の選択した技はこの特性とは別にもう一度行動できる)
217,Battery,Powers up ally Pokémon's special moves.,バッテリー,味方のポケモンの特殊技の威力が1.3倍になる。(ダブルバトル用)
218,Fluffy,"Halves the damage taken from moves that make direct contact, but doubles that of Fire-type moves.",もふもふ,直接攻撃の技を受けた時、ダメージが半減する。また、『ほのお』タイプの技を受けた時、ダメージが2倍になる。
219,Dazzling,"Surprises the opposing Pokémon, making it unable to attack using priority moves.",ビビッドボディ,自分と味方は、相手の先制技を受けない。なお、自分が使う先制技や味方から受ける先制技には影響しない。
220,Soul-Heart,Boosts its Sp. Atk stat every time a Pokémon faints.,ソウルハート,場にいるポケモンが『ひんし』状態になる度に、自分の『とくこう』ランクが1段階上がる。
221,Tangling Hair,Contact with the Pokémon lowers the attacker's Speed stat.,カーリーヘアー,直接攻撃を受けると、相手の『すばやさ』ランクを1段階下げる。
222,Receiver,The Pokémon copies the Ability of a defeated ally.,レシーバー,場にいる味方のポケモンが『ひんし』状態になった時、自分の特性がそのポケモンと同じ特性になる。場から離れると元に戻る(ダブルバトル用)。味方の特性が『ARシステム』『イリュージョン』『かがくのちから』『かわりもの』『きずなへんげ』『ぎょぐん』『スワームチェンジ』『ぜったいねむり』『ダルマモード』『てんきや』『トレース』『ばけのかわ』『バトルスイッチ』『ふしぎなまもり』『フラワーギフト』『マルチタイプ』『リミットシールド』『レシーバー』の場合は効果がない。
223,Power of Alchemy,The Pokémon copies the Ability of a defeated ally.,かがくのちから,場にいる味方のポケモンが『ひんし』状態になった時、自分の特性がそのポケモンと同じ特性になる。場から離れると元に戻る(ダブルバトル用)。味方の特性が『ARシステム』『イリュージョン』『かがくのちから』『かわりもの』『きずなへんげ』『ぎょぐん』『スワームチェンジ』『ぜったいねむり』『ダルマモード』『てんきや』『トレース』『ばけのかわ』『バトルスイッチ』『ふしぎなまもり』『フラワーギフト』『マルチタイプ』『リミットシールド』『レシーバー』の場合は効果がない。
224,Beast Boost,The Pokémon boosts its most proficient stat each time it knocks out a Pokémon.,ビーストブースト,自分の技で相手を倒すと、自分の最も高い能力の能力ランクが1段階上がる。
225,RKS System,Changes the Pokémon's type to match the memory disc it holds.,ＡＲシステム,持っている専用の道具『メモリ』の種類に対応して自分の『タイプ』が変化する。
226,Electric Surge,Turns the ground into Electric Terrain when the Pokémon enters a battle.,エレキメイカー,戦闘に出ると5ターンの間、場の状態を『エレキフィールド』にする。(『ひこう』タイプや特性『ふゆう』などではない地面にいるすべてのポケモンは、『ねむり』状態にならず、また『でんき』タイプの技の威力が1.3倍になる)
227,Psychic Surge,Turns the ground into Psychic Terrain when the Pokémon enters a battle.,サイコメイカー,戦闘に出ると5ターンの間、場の状態を『サイコフィールド』にする。(『ひこう』タイプや特性『ふゆう』などではない地面にいるすべてのポケモンは、相手(味方は含まない)の先制技を受けなくなり、また『エスパー』タイプの技の威力が1.3倍になる)
228,Misty Surge,Turns the ground into Misty Terrain when the Pokémon enters a battle.,ミストメイカー,戦闘に出ると5ターンの間、場の状態を『ミストフィールド』にする。(『ひこう』タイプや特性『ふゆう』などではない地面にいるすべてのポケモンは、状態異常にならず、また『ドラゴン』タイプの技の受けるダメージが半減する)
229,Grassy Surge,Turns the ground into Grassy Terrain when the Pokémon enters a battle.,グラスメイカー,戦闘に出ると5ターンの間、場の状態を『グラスフィールド』にする。(『ひこう』タイプや特性『ふゆう』などではない地面にいるすべてのポケモンは、毎ターン最大HPの1/16ずつ回復し、また『くさ』タイプの技の威力が1.3倍になり、技『じしん』『じならし』『マグニチュード』の受けるダメージが半減する)
230,Full Metal Body,Prevents other Pokémon's moves or Abilities from lowering the Pokémon's stats.,メタルプロテクト,相手の能力ランクを下げる技や特性の効果を受けない。また、相手の特性『かたやぶり』の影響を受けない。
231,Shadow Shield,Reduces the amount of damage the Pokémon takes while its HP is full.,ファントムガード,自分の残りHPが最大値の時、受けるダメージが半減される。また、相手の特性『かたやぶり』や技『メテオドライブ』『シャドーレイ』の影響を受けない。
232,Prism Armor,Reduces the power of supereffective attacks taken.,プリズムアーマー,タイプ相性が『こうかは ばつぐん』の技の受けるダメージが3/4になる。例えば、本来2倍弱点の場合は1.5倍のダメージに軽減される。また、相手の特性『かたやぶり』や技『メテオドライブ』『シャドーレイ』の影響を受けない。
233,Neuroforce,Powers up moves that are super effective.,ブレインフォース,自分の技のタイプ相性が効果抜群の場合、さらに威力が1.25倍になる。
234,Intrepid Sword,Boosts the Pokémon's Attack stat when the Pokémon enters a battle.,ふとうのけん,戦闘に出たときに自分の『こうげき』ランクが上がる。
235,Dauntless Shield,Boosts the Pokémon's Defense stat when the Pokémon enters a battle.,ふくつのたて,戦闘に出たときに自分の『ぼうぎょ』ランクが上がる。
236,Libero,Changes the Pokémon's type to the type of the move it's about to use.,リベロ,自分の技を出す時、直前のタイミングで自分のタイプが技と同じタイプになる(タイプは変化したままになる)。変化技にも有効。
237,Ball Fetch,"If the Pokémon is not holding an item, it will fetch the Poké Ball from the first failed throw of the battle.",たまひろい,道具を持っていない場合、1回目に投げて失敗したボールを手に入れる。
238,Cotton Down,"When the Pokémon is hit by an attack, it scatters cotton fluff around and lowers the Speed stat of all Pokémon except itself.",わたげ,攻撃を受けると、自分以外のポケモンの『すばやさ』ランクを1段階下げる。
239,Propeller Tail,Ignores the effects of opposing Pokémon's Abilities and moves that draw in moves.,スクリューおびれ,特性『ひらいしん』『よびみず』や技『いかりのこな』『このゆびとまれ』『サイドチェンジ』『スポットライト』の攻撃対象を変更する効果の影響を受けずに攻撃できる。
240,Mirror Armor,Bounces back only the stat-lowering effects that the Pokémon receives.,ミラーアーマー,『のうりょく』ランクを下げる効果を受けずに、相手に跳ね返す。技の追加効果の場合も含める。
241,Gulp Missile,"When the Pokémon uses Surf or Dive, it will come back with prey. When it takes damage, it will spit out the prey to attack.",うのミサイル,自分が技『なみのり』か『ダイビング』を使った時、HPが最大HPの半分以上の時は『うのみのすがた』に、半分以下の時は『まるのみのすがた』にフォルムチェンジする。その後相手から技のダメージを受けた時に、相手にも最大HPの1/4のダメージを与え、さらに『うのみのすがた』では『ぼうぎょ』ランクを1段階下げ、『まるのみのすがた』では『まひ』状態にする。
242,Stalwart,Ignores the effects of opposing Pokémon's Abilities and moves that draw in moves.,すじがねいり,特性『ひらいしん』『よびみず』や技『いかりのこな』『このゆびとまれ』『サイドチェンジ』『スポットライト』の攻撃対象を変更する効果の影響を受けずに攻撃できる。
243,Steam Engine,Boosts the Pokémon's Speed stat drastically if hit by a Fire- or Water-type move.,じょうききかん,『みず』タイプか『ほのお』タイプの技を受けると、自分の『すばやさ』ランクが6段階上がる。／『てもち』にいると、ポケモンのタマゴが2倍かえりやすくなる。(必要な歩数が半分になる)
244,Punk Rock,Boosts the power of sound-based moves. The Pokémon also takes half the damage from these kinds of moves.,パンクロック,自分の音系の技『いびき』『うたかたのアリア』『エコーボイス』『さわぐ』『スケイルノイズ』『チャームボイス』『バークアウト』『ハイパーボイス』『ばくおんぱ』『むしのさざめき』『りんしょう』『オーバードライブ』の威力が1.3倍になる。また、自分が受ける音系の技のダメージが半減する。
245,Sand Spit,The Pokémon creates a sandstorm when it's hit by an attack.,すなはき,技のダメージを受けると、5ターンの間、天気が『すなあらし』になる。
246,Ice Scales,"The Pokémon is protected by ice scales, which halve the damage taken from special moves.",こおりのりんぷん,特殊攻撃の受けるダメージが半減する。
247,Ripen,Ripens Berries and doubles their effect.,じゅくせい,持っている『きのみ』を使う時、効果が2倍になる。
248,Ice Face,"The Pokémon's ice head can take a physical attack as a substitute, but the attack also changes the Pokémon's appearance. The ice will be restored when it hails.",アイスフェイス,『アイスフェイス』のフォルムの時、物理技を受けると、ダメージを受けずに『ナイスフェイス』にフォルムチェンジする。天気が『あられ』になると、再び『アイスフェイス』にフォルムチェンジする。
249,Power Spot,Just being next to the Pokémon powers up moves.,パワースポット,複数のバトルで隣にいる味方が使う技の威力が1.3倍になる。(味方全員か隣だけかは未検証)
250,Mimicry,Changes the Pokémon's type depending on the terrain.,ぎたい,場フィールドの状態にあわせて、自分の『タイプ』が変化する。『エレキフィールド』では『でんき』タイプ、『グラスフィールド』では『くさ』タイプ、『サイコフィールド』では『エスパー』タイプ、『ミストフィールド』では『フェアリー』になる。フィールドが戻ると、タイプも元に戻る。
251,Screen Cleaner,"When the Pokémon enters a battle, the effects of Light Screen, Reflect, and Aurora Veil are nullified for both opposing and ally Pokémon.",バリアフリー,お互いの場の『ひかりのかべ』『リフレクター』『オーロラベール』の効果が無効になる。
252,Steely Spirit,Powers up ally Pokémon's Steel-type moves.,はがねのせいしん,自分と味方の『はがね』タイプの技の威力が1.5倍になる。この特性のポケモンが複数いる場合は、効果が重複する。
253,Perish Body,"When hit by a move that makes direct contact, the Pokémon and the attacker will faint after three turns unless they switch out of battle.",ほろびのボディ,直接攻撃を受けると、3ターン終了後に、お互いのポケモンは『ひんし』状態になる(対象は2匹のみ)。それまでに交代したポケモンは効果が消える。
254,Wandering Spirit,The Pokémon exchanges Abilities with a Pokémon that hits it with a move that makes direct contact.,さまようたましい,直接攻撃を受けると、自分と相手の特性を入れ替える。
255,Gorilla Tactics,Boosts the Pokémon's Attack stat but only allows the use of the first selected move.,ごりむちゅう,同じ技しか出せなくなるが、物理技が1.5倍になる(『こうげき』を上げるのかは不明)。ダイマックス中は、すべての効果がない。
256,Neutralizing Gas,"If the Pokémon with Neutralizing Gas is in the battle, the effects of all Pokémon's Abilities will be nullified or will not be triggered.",かがくへんかガス,このポケモンが場にいる限り、すべてのポケモンの特性の効果が無効になり、発動しなくなる。ただし、『バトルスイッチ』『ばけのかわ』などフォルムに関わる特性や、一部の固有の特性などには効かない。
257,Pastel Veil,Protects the Pokémon and its ally Pokémon from being poisoned.,パステルベール,自分と味方は、『どく』『もうどく』状態にならない。
258,Hunger Switch,"The Pokémon changes its form, alternating between its Full Belly Mode and Hangry Mode after the end of each turn.",はらぺこスイッチ,ターン終了時、『まんぷくもよう』と『はらぺこもよう』を交互にフォルムチェンジする。技『オーラぐるま』のタイプが、『まんぷく』の時は『でんき』、『はらぺこ』の時は『あく』タイプに変わる。
